Year,Month,Dom_Pax,Int_Pax,Pax,Dom_Flt,Int_Flt,Flt,Dom_RPM,Int_RPM,RPM,Dom_ASM,Int_ASM,ASM,Dom_LF,Int_LF,LF
2003,1,"43,032,450","4,905,830","47,938,280","785,160","57,667","842,827","36,211,422","12,885,980","49,097,402","56,191,300","17,968,572","74,159,872",64.44,71.71,66.20
2003,2,"41,166,780","4,245,366","45,412,146","690,351","51,259","741,610","34,148,439","10,715,468","44,863,907","50,088,434","15,587,880","65,676,314",68.18,68.74,68.31
2003,3,"49,992,700","5,008,613","55,001,313","797,194","58,926","856,120","41,774,564","12,567,068","54,341,633","57,592,901","17,753,174","75,346,075",72.53,70.79,72.12
2003,4,"47,033,260","4,345,444","51,378,704","766,260","55,005","821,265","39,465,980","10,370,592","49,836,572","54,639,679","15,528,761","70,168,440",72.23,66.78,71.02
2003,5,"49,152,352","4,610,834","53,763,186","789,397","55,265","844,662","41,001,934","11,575,026","52,576,960","55,349,897","15,629,821","70,979,718",74.08,74.06,74.07
2003,6,"52,209,516","5,411,504","57,621,020","798,351","58,225","856,576","44,492,972","13,918,185","58,411,157","56,555,517","17,191,579","73,747,096",78.67,80.96,79.20
2003,7,"55,810,773","6,191,120","62,001,893","831,619","62,957","894,576","48,321,924","15,516,794","63,838,718","59,617,048","18,701,759","78,318,807",81.05,82.97,81.51
2003,8,"53,920,973","6,272,332","60,193,305","830,737","63,760","894,497","46,982,527","15,906,430","62,888,957","59,634,190","19,144,885","78,779,075",78.78,83.08,79.83
2003,9,"44,213,408","4,824,596","49,038,004","781,804","54,017","835,821","36,819,820","13,570,889","50,390,709","54,973,852","17,820,478","72,794,329",66.98,76.15,69.22
2003,10,"49,944,931","4,920,822","54,865,753","818,308","54,272","872,580","41,480,412","13,447,446","54,927,858","58,001,020","17,694,417","75,695,437",71.52,76.00,72.56
2003,11,"47,059,495","4,845,759","51,905,254","765,842","53,817","819,659","39,333,528","12,817,176","52,150,704","55,785,892","16,801,272","72,587,163",70.51,76.29,71.85
2003,12,"49,757,124","5,358,991","55,116,115","798,392","57,578","855,970","42,699,596","13,929,565","56,629,161","58,842,551","17,648,530","76,491,081",72.57,78.93,74.03
2004,1,"43,815,481","5,255,246","49,070,727","787,237","58,293","845,530","38,114,607","13,515,639","51,630,246","58,306,593","17,988,081","76,294,673",65.37,75.14,67.67
2004,2,"45,306,597","4,941,629","50,248,226","761,618","55,822","817,440","38,575,084","12,153,432","50,728,516","56,180,696","16,923,112","73,103,808",68.66,71.82,69.39
2004,3,"54,147,227","5,805,703","59,952,930","834,476","60,649","895,125","46,507,739","14,735,428","61,243,168","61,833,579","18,362,220","80,195,799",75.21,80.25,76.37
2004,4,"53,253,194","5,664,027","58,917,221","817,899","60,455","878,354","45,795,662","14,338,191","60,133,853","60,067,863","18,457,525","78,525,388",76.24,77.68,76.58
2004,5,"53,030,873","5,767,517","58,798,390","833,350","62,596","895,946","45,350,262","15,388,457","60,738,719","60,923,099","19,844,360","80,767,459",74.44,77.55,75.20
2004,6,"56,959,142","6,405,771","63,364,913","836,916","64,256","901,172","49,774,219","17,006,831","66,781,050","61,629,864","20,355,959","81,985,822",80.76,83.55,81.45
2004,7,"59,614,287","7,183,275","66,797,562","871,049","69,890","940,939","52,730,292","18,182,782","70,913,074","64,095,669","21,731,193","85,826,863",82.27,83.67,82.62
2004,8,"57,380,873","6,986,797","64,367,670","882,979","68,332","951,311","50,816,430","17,760,431","68,576,861","64,479,721","21,640,665","86,120,386",78.81,82.07,79.63
2004,9,"47,671,785","5,396,245","53,068,030","819,294","56,541","875,835","40,644,161","15,247,819","55,891,980","57,694,884","19,502,122","77,197,006",70.45,78.19,72.40
2004,10,"54,167,489","5,629,964","59,797,453","861,291","58,659","919,950","45,765,588","15,384,002","61,149,590","61,604,719","19,883,889","81,488,607",74.29,77.37,75.04
2004,11,"51,781,700","5,384,214","57,165,914","820,048","58,312","878,360","43,561,708","14,118,725","57,680,434","59,431,353","18,848,375","78,279,728",73.30,74.91,73.69
2004,12,"52,639,838","6,041,853","58,681,691","836,232","63,469","899,701","45,181,080","15,523,403","60,704,483","62,054,841","20,254,013","82,308,853",72.81,76.64,73.75
2005,1,"47,977,657","6,158,509","54,136,166","807,338","64,803","872,141","41,609,095","15,580,719","57,189,815","59,580,514","20,571,388","80,151,902",69.84,75.74,71.35
2005,2,"47,074,882","5,499,590","52,574,472","760,955","59,351","820,306","40,114,944","13,470,430","53,585,374","55,964,342","18,651,403","74,615,745",71.68,72.22,71.82
2005,3,"58,838,975","6,964,313","65,803,288","866,593","68,802","935,395","50,789,921","17,293,704","68,083,625","63,743,171","21,201,138","84,944,309",79.68,81.57,80.15
2005,4,"54,908,859","6,388,741","61,297,600","838,122","66,430","904,552","47,002,623","16,218,686","63,221,309","61,262,216","20,990,887","82,253,103",76.72,77.27,76.86
2005,5,"57,323,876","6,575,254","63,899,130","872,961","68,225","941,186","49,016,422","17,394,296","66,410,718","63,160,148","21,943,039","85,103,187",77.61,79.27,78.04
2005,6,"59,724,061","7,123,126","66,847,187","863,422","69,814","933,236","52,181,786","18,750,411","70,932,197","63,378,463","22,373,102","85,751,565",82.33,83.81,82.72
2005,7,"62,396,446","7,867,346","70,263,792","887,084","74,818","961,902","55,290,372","20,037,449","75,327,821","65,813,398","23,792,009","89,605,407",84.01,84.22,84.07
2005,8,"59,110,633","7,419,187","66,529,820","890,938","73,164","964,102","52,510,003","19,205,090","71,715,093","65,309,256","23,418,626","88,727,882",80.40,82.01,80.83
2005,9,"50,600,325","5,933,841","56,534,166","814,935","61,812","876,747","43,524,915","16,631,990","60,156,904","58,674,828","21,425,051","80,099,879",74.18,77.63,75.10
2005,10,"53,738,093","5,873,755","59,611,848","831,265","61,017","892,282","45,895,538","16,089,364","61,984,902","60,392,331","21,033,727","81,426,057",76.00,76.49,76.12
2005,11,"52,766,404","5,644,497","58,410,901","797,460","59,265","856,725","45,109,831","14,771,787","59,881,618","58,886,853","19,401,869","78,288,722",76.60,76.14,76.49
2005,12,"52,801,276","6,395,022","59,196,298","802,067","65,240","867,307","46,190,194","16,339,078","62,529,273","60,889,086","21,153,995","82,043,081",75.86,77.24,76.22
2006,1,"48,886,043","6,402,933","55,288,976","785,364","66,236","851,600","42,966,268","16,157,877","59,124,144","59,096,204","21,396,430","80,492,634",72.71,75.52,73.45
2006,2,"47,348,142","5,706,909","53,055,051","715,843","60,661","776,504","40,927,215","13,913,445","54,840,660","53,733,108","19,241,787","72,974,894",76.17,72.31,75.15
2006,3,"58,286,011","7,221,839","65,507,850","823,793","70,264","894,057","50,693,391","18,095,206","68,788,597","62,257,065","22,367,092","84,624,157",81.43,80.90,81.29
2006,4,"55,828,555","7,036,629","62,865,184","794,390","68,537","862,927","48,800,883","17,685,346","66,486,229","59,917,615","22,246,457","82,164,072",81.45,79.50,80.92
2006,5,"57,145,193","6,997,054","64,142,247","824,051","68,676","892,727","49,302,219","18,465,819","67,768,038","61,284,297","23,102,699","84,386,996",80.45,79.93,80.31
2006,6,"59,297,121","7,625,061","66,922,182","820,310","71,424","891,734","52,200,272","20,275,368","72,475,640","61,692,651","23,821,736","85,514,388",84.61,85.11,84.75
2006,7,"60,838,606","8,340,003","69,178,609","852,114","76,301","928,415","54,506,446","21,510,904","76,017,350","64,111,164","25,185,579","89,296,743",85.02,85.41,85.13
2006,8,"58,303,233","7,843,848","66,147,081","866,551","74,735","941,286","52,074,386","20,342,613","72,416,999","64,332,983","24,888,446","89,221,429",80.95,81.74,81.17
2006,9,"49,949,551","6,189,973","56,139,524","799,777","62,710","862,487","43,108,587","17,537,122","60,645,709","58,383,462","22,579,257","80,962,719",73.84,77.67,74.91
2006,10,"55,088,983","6,281,017","61,370,000","828,218","63,105","891,323","47,137,132","17,365,868","64,503,000","60,802,722","22,654,609","83,457,331",77.52,76.65,77.29
2006,11,"53,852,209","6,173,261","60,025,470","792,523","61,823","854,346","45,966,808","16,115,237","62,082,045","58,912,308","20,821,119","79,733,427",78.03,77.40,77.86
2006,12,"53,538,970","6,917,055","60,456,025","805,058","68,978","874,036","46,835,639","17,704,637","64,540,276","61,161,328","22,721,069","83,882,396",76.58,77.92,76.94
2007,1,"50,022,168","6,854,636","56,876,804","803,924","69,634","873,558","43,823,680","17,450,335","61,274,015","60,618,488","22,960,840","83,579,327",72.29,76.00,73.31
2007,2,"47,766,421","6,078,593","53,845,014","724,657","62,711","787,368","41,270,274","15,087,982","56,358,256","54,490,060","20,624,609","75,114,669",75.74,73.16,75.03
2007,3,"59,244,232","7,647,510","66,891,742","830,373","72,367","902,740","51,518,429","19,346,351","70,864,780","63,131,522","23,667,344","86,798,866",81.60,81.74,81.64
2007,4,"57,396,328","7,233,785","64,630,113","809,663","70,037","879,700","49,772,604","18,462,964","68,235,568","61,124,424","23,325,666","84,450,090",81.43,79.15,80.80
2007,5,"59,283,597","7,244,944","66,528,541","844,074","70,437","914,511","51,031,835","19,341,759","70,373,594","62,774,346","24,370,452","87,144,798",81.29,79.37,80.75
2007,6,"61,493,934","7,953,495","69,447,429","832,163","72,797","904,960","54,018,698","21,325,672","75,344,370","62,620,840","25,295,941","87,916,781",86.26,84.30,85.70
2007,7,"63,457,403","8,696,119","72,153,522","863,658","77,533","941,191","56,572,990","22,709,269","79,282,259","65,566,709","26,624,388","92,191,098",86.28,85.29,86.00
2007,8,"62,657,667","8,429,481","71,087,148","872,349","76,818","949,167","55,682,567","22,060,730","77,743,296","65,556,234","26,525,647","92,081,881",84.94,83.17,84.43
2007,9,"52,308,015","6,665,909","58,973,924","805,066","64,283","869,349","45,240,419","18,994,703","64,235,122","59,796,275","23,883,235","83,679,510",75.66,79.53,76.76
2007,10,"57,206,249","6,734,727","63,940,976","841,179","64,536","905,715","49,069,269","18,762,030","67,831,299","62,497,723","23,713,623","86,211,346",78.51,79.12,78.68
2007,11,"55,044,206","6,616,131","61,660,337","804,635","64,236","868,871","47,256,388","17,508,412","64,764,800","60,801,594","22,421,800","83,223,395",77.72,78.09,77.82
2007,12,"53,288,538","7,302,494","60,591,032","803,981","70,325","874,306","47,070,645","19,121,625","66,192,270","62,270,682","24,391,947","86,662,629",75.59,78.39,76.38
2008,1,"50,245,100","7,214,702","57,459,802","793,275","70,805","864,080","44,233,383","18,682,398","62,915,780","60,635,551","24,474,296","85,109,847",72.95,76.33,73.92
2008,2,"50,118,363","6,691,283","56,809,646","746,679","66,402","813,081","43,429,251","16,602,844","60,032,096","57,170,275","22,832,413","80,002,688",75.96,72.72,75.04
2008,3,"59,213,077","8,257,253","67,470,330","817,511","74,449","891,960","52,016,986","20,818,061","72,835,047","63,249,344","25,295,113","88,544,457",82.24,82.30,82.26
2008,4,"55,611,053","7,361,463","62,972,516","799,664","70,840","870,504","48,189,445","19,238,317","67,427,762","60,127,860","24,913,253","85,041,112",80.14,77.22,79.29
2008,5,"58,047,400","7,747,506","65,794,906","820,114","71,787","891,901","50,259,912","20,972,031","71,231,943","61,778,284","26,236,332","88,014,616",81.36,79.94,80.93
2008,6,"59,559,171","8,168,145","67,727,316","815,914","72,783","888,697","52,521,309","22,207,049","74,728,358","62,328,392","26,758,910","89,087,301",84.27,82.99,83.88
2008,7,"61,401,480","8,831,861","70,233,341","844,737","77,244","921,981","54,621,353","23,555,952","78,177,305","64,884,624","28,113,326","92,997,950",84.18,83.79,84.06
2008,8,"58,966,473","8,629,543","67,596,016","823,517","75,242","898,759","52,643,145","23,162,473","75,805,618","63,117,937","27,931,634","91,049,571",83.40,82.93,83.26
2008,9,"47,680,001","6,327,854","54,007,855","728,377","59,708","788,085","41,015,589","18,737,440","59,753,028","53,906,431","24,055,799","77,962,230",76.09,77.89,76.64
2008,10,"52,956,023","6,473,043","59,429,066","758,538","60,997","819,535","44,913,078","18,507,570","63,420,648","56,299,337","23,804,966","80,104,304",79.78,77.75,79.17
2008,11,"47,658,141","6,167,102","53,825,243","707,246","60,687","767,933","40,578,576","16,552,513","57,131,088","53,450,483","22,297,823","75,748,306",75.92,74.23,75.42
2008,12,"50,253,658","6,881,238","57,134,896","720,062","65,422","785,484","43,824,845","18,277,979","62,102,823","55,361,168","23,773,025","79,134,193",79.16,76.89,78.48
2009,1,"44,821,711","6,737,730","51,559,441","709,933","66,971","776,904","39,299,677","17,528,664","56,828,341","53,952,827","23,989,981","77,942,808",72.84,73.07,72.91
2009,2,"43,677,233","5,970,396","49,647,629","659,899","61,219","721,118","37,640,543","14,607,464","52,248,007","49,969,299","21,295,607","71,264,906",75.33,68.59,73.32
2009,3,"53,531,487","7,227,487","60,758,974","747,363","69,764","817,127","46,517,762","18,128,641","64,646,403","57,331,259","24,114,710","81,445,969",81.14,75.18,79.37
2009,4,"52,245,401","7,086,357","59,331,758","728,856","67,069","795,925","45,419,272","18,450,057","63,869,329","55,279,977","23,917,823","79,197,800",82.16,77.14,80.65
2009,5,"52,948,582","6,597,012","59,545,594","748,984","63,841","812,825","45,980,480","18,545,191","64,525,671","56,504,772","24,407,091","80,911,862",81.37,75.98,79.75
2009,6,"55,898,027","7,460,171","63,358,198","760,136","66,341","826,477","49,290,277","20,784,769","70,075,046","57,716,483","25,414,368","83,130,851",85.40,81.78,84.29
2009,7,"59,468,957","8,399,115","67,868,072","793,994","71,164","865,158","52,704,797","22,969,194","75,673,991","60,499,991","27,022,263","87,522,254",87.12,85.00,86.46
2009,8,"56,568,180","8,217,868","64,786,048","781,315","70,022","851,337","50,467,288","22,619,720","73,087,008","59,356,980","26,667,531","86,024,512",85.02,84.82,84.96
2009,9,"48,235,025","6,219,954","54,454,979","709,793","57,696","767,489","41,656,736","18,400,287","60,057,023","52,447,273","22,830,033","75,277,306",79.43,80.60,79.78
2009,10,"52,279,405","6,295,084","58,574,489","726,573","58,273","784,846","44,781,574","18,053,025","62,834,599","54,453,800","22,015,791","76,469,591",82.24,82.00,82.17
2009,11,"48,584,832","6,008,261","54,593,093","694,749","58,724","753,473","41,573,015","16,087,062","57,660,077","52,483,155","20,614,479","73,097,634",79.21,78.04,78.88
2009,12,"49,793,438","6,892,742","56,686,180","704,840","64,801","769,641","43,650,676","18,175,003","61,825,679","54,631,259","22,325,659","76,956,918",79.90,81.41,80.34
2010,1,"45,501,620","6,816,044","52,317,664","694,852","66,583","761,435","40,301,481","17,841,075","58,142,556","53,795,975","23,088,105","76,884,080",74.92,77.27,75.62
2010,2,"42,440,614","6,014,415","48,455,029","622,999","59,833","682,832","36,997,641","14,973,899","51,971,540","47,817,552","20,153,781","67,971,333",77.37,74.30,76.46
2010,3,"54,424,077","7,531,317","61,955,394","739,894","69,737","809,631","47,619,591","19,146,484","66,766,075","57,080,653","23,685,717","80,766,370",83.43,80.84,82.67
2010,4,"52,498,074","6,941,422","59,439,496","722,566","66,054","788,620","45,662,025","17,935,164","63,597,189","55,280,651","22,592,040","77,872,690",82.60,79.39,81.67
2010,5,"53,842,422","7,402,599","61,245,021","741,574","68,031","809,605","46,953,589","20,542,809","67,496,398","56,898,062","25,079,577","81,977,639",82.52,81.91,82.34
2010,6,"56,689,853","8,100,494","64,790,347","751,326","70,427","821,753","50,387,611","22,717,510","73,105,121","58,353,230","26,433,891","84,787,121",86.35,85.94,86.22
2010,7,"59,142,493","9,052,302","68,194,795","782,439","76,123","858,562","53,095,873","24,587,686","77,683,559","61,069,806","28,347,052","89,416,858",86.94,86.74,86.88
2010,8,"57,370,748","8,646,519","66,017,267","781,423","72,823","854,246","51,439,492","23,775,852","75,215,344","60,357,973","27,771,651","88,129,624",85.22,85.61,85.35
2010,9,"50,304,708","6,847,457","57,152,165","718,643","60,368","779,011","43,694,603","20,411,172","64,105,775","54,729,805","24,382,358","79,112,164",79.84,83.71,81.03
2010,10,"54,826,050","7,072,483","61,898,533","737,224","62,454","799,678","47,283,497","20,434,096","67,717,592","56,731,943","24,764,165","81,496,108",83.35,82.51,83.09
2010,11,"51,420,350","6,510,189","57,930,539","704,372","60,704","765,076","44,351,331","17,630,685","61,982,017","54,609,482","22,486,741","77,096,223",81.22,78.40,80.40
2010,12,"51,076,415","7,271,391","58,347,806","702,581","66,014","768,595","45,067,192","19,358,086","64,425,278","55,745,538","24,054,993","79,800,532",80.84,80.47,80.73
2011,1,"46,304,921","7,155,472","53,460,393","681,152","68,426","749,578","41,187,426","19,013,720","60,201,146","53,804,562","24,876,445","78,681,007",76.55,76.43,76.51
2011,2,"43,657,818","6,205,658","49,863,476","625,530","61,615","687,145","38,285,134","15,742,124","54,027,258","49,106,329","22,192,337","71,298,667",77.96,70.93,75.78
2011,3,"55,649,428","7,733,473","63,382,901","754,669","71,925","826,594","48,992,221","19,689,006","68,681,228","59,209,942","25,743,795","84,953,737",82.74,76.48,80.85
2011,4,"52,858,479","7,495,073","60,353,552","720,073","68,663","788,736","46,567,364","19,768,711","66,336,076","56,686,501","25,411,596","82,098,097",82.15,77.79,80.80
2011,5,"55,982,234","7,671,950","63,654,184","743,778","67,680","811,458","49,026,667","21,312,827","70,339,494","57,969,795","26,131,180","84,100,975",84.57,81.56,83.64
2011,6,"57,778,699","8,256,632","66,035,331","756,675","69,903","826,578","51,552,204","23,096,822","74,649,026","59,955,599","27,224,840","87,180,439",85.98,84.84,85.63
2011,7,"60,310,295","9,384,241","69,694,536","783,811","76,305","860,116","54,459,007","25,415,397","79,874,404","62,492,240","29,384,342","91,876,583",87.15,86.49,86.94
2011,8,"57,403,835","8,677,482","66,081,317","767,948","71,574","839,522","51,570,688","24,132,052","75,702,739","60,248,852","28,178,615","88,427,467",85.60,85.64,85.61
2011,9,"50,982,170","6,893,283","57,875,453","706,395","61,645","768,040","44,580,290","20,488,322","65,068,612","54,480,405","24,945,913","79,426,318",81.83,82.13,81.92
2011,10,"54,124,363","6,884,408","61,008,771","723,222","62,821","786,043","46,972,407","19,893,658","66,866,065","56,160,266","24,800,208","80,960,473",83.64,80.22,82.59
2011,11,"51,660,083","6,431,880","58,091,963","682,660","60,778","743,438","44,780,150","17,325,552","62,105,702","53,639,815","22,099,606","75,739,421",83.48,78.40,82.00
2011,12,"51,534,907","7,331,513","58,866,420","701,348","67,821","769,169","45,673,434","19,339,617","65,013,051","56,330,875","24,186,935","80,517,810",81.08,79.96,80.74
2012,1,"47,080,430","7,155,733","54,236,163","677,704","68,013","745,717","41,673,200","18,915,701","60,588,901","53,426,991","24,645,715","78,072,706",78.00,76.75,77.61
2012,2,"46,405,102","6,518,477","52,923,579","647,027","64,878","711,905","40,440,608","16,583,021","57,023,629","51,244,942","23,176,387","74,421,328",78.92,71.55,76.62
2012,3,"56,200,104","8,059,960","64,260,064","728,636","73,363","801,999","49,693,743","20,638,910","70,332,653","58,846,026","25,826,784","84,672,810",84.45,79.91,83.06
2012,4,"53,691,455","7,608,446","61,299,901","706,994","68,925","775,919","47,240,808","20,120,006","67,360,814","56,495,318","25,056,043","81,551,361",83.62,80.30,82.60
2012,5,"55,749,349","7,728,905","63,478,254","725,712","69,813","795,525","49,075,103","21,625,365","70,700,468","58,102,674","26,487,067","84,589,741",84.46,81.64,83.58
2012,6,"57,903,293","8,509,172","66,412,465","735,084","72,160","807,244","51,958,863","23,588,863","75,547,726","59,980,845","27,267,695","87,248,539",86.63,86.51,86.59
2012,7,"59,688,267","9,298,946","68,987,213","757,484","76,163","833,647","54,239,648","24,933,954","79,173,602","62,452,527","28,885,438","91,337,965",86.85,86.32,86.68
2012,8,"58,646,304","8,892,354","67,538,658","753,441","74,196","827,637","52,870,434","24,375,248","77,245,683","61,026,426","28,226,626","89,253,052",86.64,86.36,86.55
2012,9,"50,134,504","7,098,414","57,232,918","677,990","62,528","740,518","43,861,215","20,931,047","64,792,261","54,386,931","24,996,737","79,383,668",80.65,83.74,81.62
2012,10,"53,779,646","6,952,685","60,732,331","694,712","62,790","757,502","46,661,129","19,851,567","66,512,697","55,378,572","24,322,370","79,700,942",84.26,81.62,83.45
2012,11,"51,844,482","6,710,058","58,554,540","669,260","61,817","731,077","45,148,868","17,774,579","62,923,447","54,524,126","22,326,176","76,850,301",82.81,79.61,81.88
2012,12,"51,165,451","7,500,932","58,666,383","670,793","67,858","738,651","45,818,778","19,607,025","65,425,803","56,181,473","24,156,714","80,338,186",81.55,81.17,81.44
2013,1,"47,816,859","7,331,420","55,148,279","662,014","68,653","730,667","42,716,886","19,226,952","61,943,838","54,130,019","24,414,793","78,544,812",78.92,78.75,78.86
2013,2,"45,740,158","6,564,112","52,304,270","607,564","62,950","670,514","40,360,477","16,726,427","57,086,904","49,951,073","22,147,136","72,098,209",80.80,75.52,79.18
2013,3,"56,564,538","8,327,386","64,891,924","710,137","73,801","783,938","50,591,912","21,085,987","71,677,898","59,506,857","25,537,593","85,044,451",85.02,82.57,84.28
2013,4,"53,228,575","7,562,330","60,790,905","693,876","69,117","762,993","47,323,331","20,045,084","67,368,414","57,130,620","25,447,607","82,578,227",82.83,78.77,81.58
2013,5,"56,562,929","8,023,420","64,586,349","721,429","70,699","792,128","50,124,875","22,377,482","72,502,358","59,071,089","26,997,317","86,068,406",84.86,82.89,84.24
2013,6,"57,990,789","8,883,643","66,874,432","719,340","72,922","792,262","52,826,886","24,553,427","77,380,313","60,724,524","28,241,852","88,966,376",86.99,86.94,86.98
2013,7,"59,310,478","9,709,009","69,019,487","751,473","77,429","828,902","54,754,440","26,042,187","80,796,627","63,316,272","29,900,939","93,217,210",86.48,87.09,86.68
2013,8,"58,115,405","9,403,309","67,518,714","747,070","75,176","822,246","53,123,226","25,714,167","78,837,393","62,097,316","29,469,344","91,566,659",85.55,87.26,86.10
2013,9,"50,766,098","7,255,037","58,021,135","683,379","62,011","745,390","44,654,213","21,483,923","66,138,136","55,225,708","25,751,134","80,976,841",80.86,83.43,81.68
2013,10,"54,706,177","7,274,427","61,980,604","708,414","64,554","772,968","47,859,063","20,748,717","68,607,779","57,851,883","25,572,700","83,424,583",82.73,81.14,82.24
2013,11,"50,542,332","6,880,849","57,423,181","655,776","63,286","719,062","44,420,301","18,154,243","62,574,544","55,462,933","23,420,132","78,883,064",80.09,77.52,79.33
2013,12,"54,332,936","7,967,171","62,300,107","662,288","69,136","731,424","49,132,863","20,735,571","69,868,434","57,751,867","25,019,442","82,771,309",85.08,82.88,84.41
2014,1,"47,957,371","7,671,576","55,628,947","624,812","68,624","693,436","43,564,242","20,028,742","63,592,984","54,016,077","25,155,594","79,171,671",80.65,79.62,80.32
2014,2,"45,513,184","6,770,046","52,283,230","577,191","63,469","640,660","40,543,404","16,936,813","57,480,217","49,369,928","22,614,187","71,984,116",82.12,74.89,79.85
2014,3,"57,761,938","8,503,133","66,265,071","696,376","76,064","772,440","51,862,069","21,310,134","73,172,203","60,675,476","26,884,781","87,560,258",85.47,79.26,83.57
2014,4,"55,247,482","8,094,515","63,341,997","676,337","71,580","747,917","49,245,719","21,103,585","70,349,305","57,998,604","26,343,479","84,342,083",84.91,80.11,83.41
2014,5,"57,888,637","8,479,378","66,368,015","695,855","72,994","768,849","51,524,009","23,291,494","74,815,503","59,709,929","28,271,254","87,981,183",86.29,82.39,85.04
2014,6,"59,261,855","9,196,927","68,458,782","701,992","76,431","778,423","53,979,753","25,120,695","79,100,448","61,760,043","29,751,163","91,511,206",87.40,84.44,86.44
2014,7,"61,757,222","9,988,913","71,746,135","735,424","80,457","815,881","56,874,287","26,435,210","83,309,497","64,773,257","31,266,476","96,039,732",87.81,84.55,86.74
2014,8,"59,758,814","9,629,317","69,388,131","723,997","76,481","800,478","54,640,338","26,231,520","80,871,859","62,868,005","30,621,247","93,489,252",86.91,85.66,86.50
2014,9,"52,529,329","7,342,936","59,872,265","665,490","62,408","727,898","46,336,496","21,739,193","68,075,689","56,458,422","26,575,230","83,033,652",82.07,81.80,81.99
2014,10,"57,084,257","7,286,846","64,371,103","693,925","63,369","757,294","50,112,975","20,835,706","70,948,681","59,584,323","26,072,467","85,656,790",84.10,79.91,82.83
2014,11,"52,577,733","7,049,844","59,627,577","648,891","64,800","713,691","46,352,174","18,524,898","64,877,072","56,949,527","24,321,971","81,271,498",81.39,76.17,79.83
2014,12,"55,486,727","8,165,573","63,652,300","666,264","71,191","737,455","50,303,173","21,132,922","71,436,095","60,270,587","26,175,094","86,445,681",83.46,80.74,82.64
2015,1,"49,727,583","7,936,993","57,664,576","634,734","69,893","704,627","45,137,552","20,498,038","65,635,591","56,980,250","26,025,329","83,005,579",79.22,78.76,79.07
2015,2,"47,164,538","6,886,262","54,050,800","569,972","62,648","632,620","42,248,126","17,238,321","59,486,447","51,251,150","22,933,198","74,184,348",82.43,75.17,80.19
2015,3,"59,557,228","8,524,515","68,081,743","683,892","72,926","756,818","53,924,945","21,511,252","75,436,197","62,860,123","27,071,647","89,931,770",85.79,79.46,83.88
2015,4,"57,698,044","8,119,223","65,817,267","669,783","70,846","740,629","51,883,045","20,959,421","72,842,466","61,116,535","27,197,262","88,313,797",84.89,77.06,82.48
2015,5,"60,251,945","8,567,847","68,819,792","690,116","71,597","761,713","54,255,235","23,490,547","77,745,782","63,393,874","29,064,149","92,458,022",85.58,80.82,84.09
2015,6,"61,810,705","9,352,818","71,163,523","697,378","74,020","771,398","56,994,796","25,448,026","82,442,822","65,232,947","30,162,970","95,395,918",87.37,84.37,86.42
2015,7,"65,128,528","10,395,270","75,523,798","732,753","78,536","811,289","60,430,804","27,573,804","88,004,608","68,556,515","32,116,607","100,673,122",88.15,85.86,87.42
2015,8,"62,770,180","9,981,208","72,751,388","723,998","75,991","799,989","57,819,107","27,156,489","84,975,596","66,730,854","31,564,671","98,295,526",86.65,86.03,86.45
2015,9,"55,989,104","7,656,359","63,645,463","658,392","62,367","720,759","49,857,937","22,404,240","72,262,177","59,511,944","27,510,443","87,022,387",83.78,81.44,83.04
2015,10,"60,892,131","7,739,519","68,631,650","687,710","63,662","751,372","54,074,370","21,786,470","75,860,840","62,551,345","26,675,237","89,226,582",86.45,81.67,85.02
2015,11,"57,150,501","7,332,481","64,482,982","651,176","63,492","714,668","50,913,042","18,876,704","69,789,747","60,467,124","24,179,274","84,646,398",84.20,78.07,82.45
2015,12,"57,870,281","8,410,860","66,281,141","659,785","70,945","730,730","53,118,963","21,432,815","74,551,779","63,241,198","26,711,528","89,952,725",83.99,80.24,82.88
2016,1,"52,473,830","8,220,234","60,694,064","636,761","70,476","707,237","48,074,919","20,930,267","69,005,186","59,672,179","26,332,010","86,004,190",80.57,79.49,80.23
2016,2,"51,111,121","7,276,912","58,388,033","612,176","65,905","678,081","46,460,173","17,857,305","64,317,478","57,466,885","24,198,863","81,665,748",80.85,73.79,78.76
2016,3,"61,592,900","8,846,249","70,439,149","697,830","74,166","771,996","56,704,006","21,722,335","78,426,341","66,469,561","27,375,245","93,844,807",85.31,79.35,83.57
2016,4,"58,893,676","8,236,909","67,130,585","675,633","71,002","746,635","53,623,641","21,272,344","74,895,985","63,775,636","27,557,124","91,332,760",84.08,77.19,82.00
2016,5,"62,752,121","8,658,474","71,410,595","702,944","72,121","775,065","57,131,517","23,417,723","80,549,240","66,545,323","29,545,223","96,090,546",85.85,79.26,83.83
2016,6,"64,757,222","9,649,641","74,406,863","713,634","75,070","788,704","60,278,319","26,042,153","86,320,472","68,799,336","30,831,533","99,630,870",87.61,84.47,86.64
2016,7,"66,134,540","10,651,750","76,786,290","731,044","78,726","809,770","62,349,210","28,079,998","90,429,208","71,524,171","32,640,788","104,164,959",87.17,86.03,86.81
2016,8,"63,498,165","9,851,036","73,349,201","731,988","74,906","806,894","59,282,098","26,662,752","85,944,849","69,971,791","31,634,549","101,606,340",84.72,84.28,84.59
2016,9,"58,619,844","7,767,077","66,386,921","673,171","62,762","735,933","52,660,625","22,480,586","75,141,211","62,507,787","27,705,349","90,213,136",84.25,81.14,83.29
2016,10,"61,708,696","7,745,955","69,454,651","688,347","63,260","751,607","55,320,059","21,775,573","77,095,632","64,769,646","27,171,641","91,941,286",85.41,80.14,83.85
2016,11,"59,269,062","7,259,192","66,528,254","658,162","61,188","719,350","53,280,610","18,805,494","72,086,104","62,885,798","23,851,439","86,737,237",84.73,78.84,83.11
2016,12,"59,178,183","8,735,834","67,914,017","662,154","72,280","734,434","54,812,269","22,001,650","76,813,919","65,698,072","27,118,317","92,816,388",83.43,81.13,82.76
2017,1,"54,108,732","8,451,833","62,560,565","645,169","71,242","716,411","50,136,641","21,167,951","71,304,592","63,084,038","26,711,252","89,795,289",79.48,79.25,79.41
2017,2,"51,077,566","7,243,348","58,320,914","592,048","63,807","655,855","46,484,888","17,661,922","64,146,810","57,436,638","23,785,528","81,222,166",80.93,74.25,78.98
2017,3,"63,963,230","8,934,658","72,897,888","696,983","73,651","770,634","58,791,439","21,913,330","80,704,768","68,737,048","27,863,556","96,600,605",85.53,78.65,83.54
2017,4,"61,098,649","9,097,723","70,196,372","673,380","72,137","745,517","56,302,475","23,057,928","79,360,403","66,075,373","28,543,219","94,618,593",85.21,80.78,83.87
2017,5,"64,442,559","9,178,905","73,621,464","706,747","72,895","779,642","59,016,272","24,399,847","83,416,119","68,835,179","30,455,251","99,290,430",85.74,80.12,84.01
2017,6,"66,746,003","10,211,356","76,957,359","718,817","76,507","795,324","62,468,942","27,079,807","89,548,749","71,663,336","31,904,900","103,568,236",87.17,84.88,86.46
2017,7,"68,574,097","11,190,376","79,764,473","739,541","81,408","820,949","65,035,199","28,958,608","93,993,807","74,806,668","33,680,646","108,487,314",86.94,85.98,86.64
2017,8,"66,663,503","10,384,018","77,047,521","735,233","75,662","810,895","62,520,253","27,802,659","90,322,912","73,231,019","32,407,563","105,638,582",85.37,85.79,85.50
2017,9,"57,143,966","7,726,792","64,870,758","652,003","60,039","712,042","51,871,547","22,667,597","74,539,144","63,120,276","28,148,004","91,268,280",82.18,80.53,81.67
2017,10,"64,624,806","8,030,539","72,655,345","691,971","64,389","756,360","58,257,900","22,261,064","80,518,965","68,007,435","28,299,580","96,307,015",85.66,78.66,83.61
2017,11,"61,911,285","7,678,861","69,590,146","656,939","62,616","719,555","55,883,966","19,680,722","75,564,688","65,149,163","25,035,612","90,184,775",85.78,78.61,83.79
2017,12,"61,373,581","8,913,285","70,286,866","667,216","71,441","738,657","56,980,320","22,548,282","79,528,602","68,235,413","27,932,831","96,168,244",83.51,80.72,82.70
2018,1,"55,829,992","8,559,733","64,389,725","653,344","69,767","723,111","51,716,868","21,549,127","73,265,996","65,566,516","27,380,828","92,947,344",78.88,78.70,78.83
2018,2,"54,077,854","7,596,937","61,674,791","600,492","63,466","663,958","49,452,398","18,674,644","68,127,042","60,464,267","24,587,642","85,051,909",81.79,75.95,80.10
2018,3,"66,643,229","9,603,829","76,247,058","698,464","74,602","773,066","61,707,206","23,793,520","85,500,726","71,674,598","28,893,311","100,567,909",86.09,82.35,85.02
2018,4,"64,556,900","9,035,586","73,592,486","695,306","72,042","767,348","59,340,837","23,106,823","82,447,659","70,357,638","29,055,033","99,412,671",84.34,79.53,82.93
2018,5,"67,844,134","9,416,071","77,260,205","724,065","73,277","797,342","62,580,568","25,356,444","87,937,012","73,310,971","31,133,051","104,444,022",85.36,81.45,84.20
2018,6,"70,277,734","10,569,323","80,847,057","732,292","77,394","809,686","66,095,829","28,194,872","94,290,701","75,323,742","32,486,010","107,809,753",87.75,86.79,87.46
2018,7,"72,539,780","11,391,458","83,931,238","759,879","81,620","841,499","69,091,745","29,716,690","98,808,435","78,406,927","34,171,666","112,578,593",88.12,86.96,87.77
2018,8,"70,337,936","10,624,720","80,962,656","756,345","77,086","833,431","66,132,022","28,638,849","94,770,872","76,722,785","33,238,079","109,960,864",86.20,86.16,86.19
2018,9,"60,468,115","8,208,432","68,676,547","686,422","65,032","751,454","55,431,352","23,604,682","79,036,033","68,530,468","29,479,449","98,009,918",80.89,80.07,80.64
2018,10,"67,081,594","8,399,032","75,480,626","722,634","66,557","789,191","61,011,629","23,294,709","84,306,338","72,044,924","29,079,416","101,124,339",84.69,80.11,83.37
2018,11,"64,659,493","8,052,683","72,712,176","678,121","64,528","742,649","58,779,361","20,613,643","79,393,004","69,098,147","25,689,087","94,787,234",85.07,80.24,83.76
2018,12,"63,646,119","9,209,221","72,855,340","691,040","73,025","764,065","59,477,976","23,210,813","82,688,789","71,865,604","28,476,318","100,341,922",82.76,81.51,82.41
2019,1,"58,033,637","8,956,997","66,990,634","667,538","72,265","739,803","54,357,953","22,507,073","76,865,026","68,754,679","28,148,681","96,903,359",79.06,79.96,79.32
2019,2,"55,679,100","7,872,131","63,551,231","607,916","65,171","673,087","51,406,118","19,291,164","70,697,283","62,805,310","25,032,799","87,838,108",81.85,77.06,80.49
2019,3,"70,233,456","9,948,135","80,181,591","729,115","77,118","806,233","65,407,750","24,488,323","89,896,073","75,651,233","29,501,782","105,153,015",86.46,83.01,85.49
2019,4,"66,938,177","9,461,086","76,399,263","708,988","72,813","781,801","61,953,253","24,174,894","86,128,147","72,335,243","29,424,979","101,760,222",85.65,82.16,84.64
2019,5,"71,363,514","9,952,955","81,316,469","740,482","74,788","815,270","65,811,129","26,667,148","92,478,276","75,386,003","31,953,392","107,339,395",87.30,83.46,86.16
2019,6,"72,789,897","11,018,680","83,808,577","741,462","79,201","820,663","68,413,114","29,322,269","97,735,383","76,617,119","33,392,864","110,009,983",89.29,87.81,88.84
2019,7,"75,281,255","11,644,596","86,925,851","768,645","82,681","851,326","71,276,327","30,447,264","101,723,592","80,081,319","34,751,863","114,833,182",89.00,87.61,88.58
2019,8,"72,715,566","11,035,622","83,751,188","769,675","78,975","848,650","68,147,755","29,802,655","97,950,411","78,976,519","34,056,646","113,033,164",86.29,87.51,86.66
2019,9,"63,979,337","8,589,987","72,569,324","705,071","64,280","769,351","58,213,654","25,083,576","83,297,229","70,649,463","30,372,637","101,022,100",82.40,82.59,82.45
2019,10,"69,922,300","8,678,300","78,600,600","740,181","65,807","805,988","63,323,849","24,290,255","87,614,104","74,904,303","29,477,943","104,382,246",84.54,82.40,83.94
2019,11,"64,816,897","8,240,630","73,057,527","694,377","64,025","758,402","59,158,778","21,330,058","80,488,836","72,118,560","26,346,567","98,465,127",82.03,80.96,81.74
2019,12,"69,718,631","9,566,028","79,284,659","721,420","71,724","793,144","65,288,156","24,636,021","89,924,177","76,153,730","29,139,144","105,292,875",85.73,84.55,85.40
2020,1,"61,622,947","9,144,821","70,767,768","700,493","70,035","770,528","57,629,920","23,378,976","81,008,896","72,425,565","28,723,812","101,149,378",79.57,81.39,80.09
2020,2,"59,868,112","7,945,094","67,813,206","660,344","64,414","724,758","55,336,120","18,527,485","73,863,606","68,495,012","24,319,113","92,814,125",80.79,76.18,79.58
2020,3,"34,413,597","4,645,178","39,058,775","616,136","51,108","667,244","32,526,486","10,229,609","42,756,095","64,968,387","17,530,264","82,498,651",50.07,58.35,51.83
2020,4,"2,877,290","136,609","3,013,899","217,262","5,018","222,280","2,551,127","356,762","2,907,889","19,489,079","1,541,419","21,030,499",13.09,23.15,13.83
2020,5,"9,697,400","190,629","9,888,029","252,450","4,996","257,446","8,117,835","479,069","8,596,904","22,120,037","1,746,343","23,866,380",36.70,27.43,36.02
2020,6,"16,207,290","403,702","16,610,992","273,036","7,220","280,256","14,007,580","896,609","14,904,189","24,940,429","2,580,911","27,521,340",56.16,34.74,54.16
2020,7,"22,921,780","1,132,104","24,053,884","411,226","16,692","427,918","20,075,947","1,982,897","22,058,844","40,313,242","5,480,689","45,793,931",49.80,36.18,48.17
2020,8,"24,431,273","1,399,827","25,831,100","441,615","18,295","459,910","21,184,550","2,629,514","23,814,064","42,874,103","7,105,839","49,979,942",49.41,37.00,47.65
2020,9,"23,854,440","1,413,585","25,268,025","379,506","18,285","397,791","20,474,546","2,589,214","23,063,760","35,882,006","7,283,900","43,165,905",57.06,35.55,53.43
2020,10,"28,026,570","1,982,866","30,009,436","410,189","23,724","433,913","24,425,708","3,433,101","27,858,809","40,389,923","8,881,698","49,271,621",60.47,38.65,56.54
2020,11,"26,293,959","2,463,575","28,757,534","421,049","29,652","450,701","23,711,619","4,238,353","27,949,973","43,474,919","10,199,590","53,674,509",54.54,41.55,52.07
2020,12,"27,263,462","3,269,403","30,532,865","428,768","38,852","467,620","25,075,790","5,750,942","30,826,732","45,077,321","12,309,781","57,387,103",55.63,46.72,53.72
2021,1,"24,305,435","2,986,261","27,291,696","408,807","40,455","449,262","22,357,664","5,434,809","27,792,473","42,318,242","12,923,703","55,241,945",52.83,42.05,50.31
2021,2,"24,483,154","2,121,336","26,604,490","361,687","34,903","396,590","22,477,682","3,840,749","26,318,431","37,928,419","10,965,754","48,894,173",59.26,35.02,53.83
2021,3,"39,342,855","3,453,943","42,796,798","499,359","42,273","541,632","36,811,555","5,867,011","42,678,566","53,749,326","13,510,189","67,259,515",68.49,43.43,63.45
2021,4,"43,798,512","3,998,149","47,796,661","514,268","40,981","555,249","40,971,446","6,667,109","47,638,554","54,787,593","14,129,131","68,916,725",74.78,47.19,69.12
2021,5,"52,751,776","4,941,591","57,693,367","565,788","44,613","610,401","49,648,995","8,165,943","57,814,938","61,332,631","15,385,728","76,718,359",80.95,53.07,75.36
2021,6,"60,109,293","6,035,931","66,145,224","617,735","48,831","666,566","57,717,786","10,815,231","68,533,017","67,462,113","17,097,559","84,559,672",85.56,63.26,81.05
2021,7,"66,739,409","7,033,399","73,772,808","664,437","52,663","717,100","64,545,073","13,494,801","78,039,874","73,407,768","19,144,100","92,551,868",87.93,70.49,84.32
2021,8,"60,630,994","6,357,070","66,988,064","662,000","50,664","712,664","58,416,638","13,314,028","71,730,666","71,871,421","19,302,668","91,174,089",81.28,68.98,78.67
2021,9,"53,902,837","4,843,245","58,746,082","610,284","43,758","654,042","50,123,961","10,421,281","60,545,242","66,268,767","17,668,823","83,937,590",75.64,58.98,72.13
2021,10,"60,546,348","5,360,481","65,906,829","630,240","47,139","677,379","55,934,187","10,985,232","66,919,419","69,064,940","18,107,013","87,171,954",80.99,60.67,76.77
2021,11,"59,779,045","5,998,703","65,777,748","617,806","50,706","668,512","55,742,346","12,199,554","67,941,900","68,469,320","17,676,220","86,145,540",81.41,69.02,78.87
2021,12,"59,534,619","7,093,846","66,628,465","605,976","59,710","665,686","57,091,558","14,779,224","71,870,782","69,447,090","20,677,611","90,124,701",82.21,71.47,79.75
2022,1,"45,814,139","6,048,973","51,863,112","569,018","59,036","628,054","43,954,958","12,498,379","56,453,337","64,319,112","20,881,798","85,200,910",68.34,59.85,66.26
2022,2,"49,075,979","5,725,939","54,801,918","533,962","52,667","586,629","46,520,073","11,512,744","58,032,817","60,647,305","18,500,799","79,148,105",76.71,62.23,73.32
2022,3,"64,617,029","7,872,874","72,489,903","629,670","62,309","691,979","61,674,886","16,212,974","77,887,859","71,989,974","22,030,861","94,020,835",85.67,73.59,82.84
2022,4,"63,518,318","8,398,121","71,916,439","616,135","63,462","679,597","60,270,759","18,529,341","78,800,100","68,700,144","23,743,871","92,444,015",87.73,78.04,85.24
2022,5,"66,961,805","8,815,732","75,777,537","644,024","65,674","709,698","62,706,846","20,788,694","83,495,540","70,974,153","26,263,661","97,237,814",88.35,79.15,85.87
2022,6,"67,368,670","10,023,468","77,392,138","640,218","67,900","708,118","63,343,854","24,276,114","87,619,968","70,415,408","27,883,747","98,299,154",89.96,87.06,89.14
2022,7,"69,432,042","10,943,155","80,375,197","667,889","71,229","739,118","65,633,746","26,440,533","92,074,279","74,959,377","29,660,776","104,620,153",87.56,89.14,88.01
2022,8,"66,520,067","10,115,929","76,635,996","657,576","68,544","726,120","62,934,639","24,979,841","87,914,480","73,836,109","29,246,437","103,082,546",85.24,85.41,85.29
2022,9,"63,139,630","8,287,331","71,426,961","622,299","57,089","679,388","58,463,970","21,860,088","80,324,058","68,920,247","26,063,870","94,984,116",84.83,83.87,84.57
2022,10,"67,935,181","8,414,518","76,349,699","639,282","57,765","697,047","62,656,863","21,457,977","84,114,840","72,264,313","25,834,667","98,098,981",86.71,83.06,85.74
2022,11,"63,680,032","8,216,914","71,896,946","605,075","59,745","664,820","59,194,297","19,692,450","78,886,747","70,250,775","24,616,723","94,867,498",84.26,80.00,83.15
2022,12,"62,482,296","9,405,384","71,887,680","596,437","67,511","663,948","59,724,506","22,595,815","82,320,321","71,301,260","27,343,999","98,645,259",83.76,82.64,83.45
2023,1,"58,284,200","9,066,833","67,351,033","605,944","66,859","672,803","55,627,743","21,021,245","76,648,988","72,122,699","26,809,510","98,932,209",77.13,78.41,77.48
2023,2,"56,729,998","8,066,893","64,796,891","567,702","60,643","628,345","53,329,402","18,254,936","71,584,338","67,037,368","24,211,736","91,249,104",79.55,75.40,78.45
2023,3,"69,708,556","10,094,584","79,803,140","655,836","71,076","726,912","65,767,207","23,802,743","89,569,950","78,074,142","28,689,319","106,763,461",84.24,82.97,83.90
2023,4,"67,571,574","10,008,645","77,580,219","636,160","70,078","706,238","63,426,143","24,708,597","88,134,739","74,335,449","29,988,666","104,324,115",85.32,82.39,84.48
2023,5,"71,423,653","10,358,666","81,782,319","667,331","71,924","739,255","66,743,565","26,805,432","93,548,998","77,821,407","31,950,687","109,772,094",85.77,83.90,85.22
2023,6,"72,482,621","11,544,505","84,027,126","661,293","75,279","736,572","68,789,127","29,883,465","98,672,591","78,058,358","33,410,671","111,469,028",88.13,89.44,88.52
2023,7,"75,378,157","12,432,615","87,810,772","684,939","79,738","764,677","72,267,904","31,376,000","103,643,904","81,986,010","35,326,191","117,312,202",88.15,88.82,88.35
2023,8,"71,477,988","11,572,149","83,050,137","691,482","77,137","768,619","67,933,484","29,938,507","97,871,992","81,997,399","34,908,793","116,906,192",82.85,85.76,83.72
2023,9,"66,858,490","9,392,985","76,251,475","649,308","64,241","713,549","61,777,546","26,076,318","87,853,864","75,748,336","31,231,710","106,980,046",81.56,83.49,82.12
